City_ID,City,Country,Date,Lat,Lng,Max Temp,Humidity,Cloudiness,Wind Speed
0,Vaini,TO,2022-04-04 17:32:42,-21.2,-175.2,71.76,94,100,6.91
1,Tazovskiy,RU,2022-04-04 17:32:43,67.4667,78.7,25.99,95,100,23.76
2,Dikson,RU,2022-04-04 17:32:43,73.5069,80.5464,-4.05,97,14,7.58
3,Ponta Do Sol,PT,2022-04-04 17:32:44,32.6667,-17.1,62.71,54,43,11.77
4,Ushuaia,AR,2022-04-04 17:29:29,-54.8,-68.3,44.22,81,75,28.77
5,Hithadhoo,MV,2022-04-04 17:32:44,-0.6,73.0833,83.73,67,48,3.58
6,Concepcion Del Oro,MX,2022-04-04 17:32:44,24.6333,-101.4167,77.2,8,8,16.64
7,Sicamous,CA,2022-04-04 17:28:15,50.8331,-118.9856,56.37,97,100,3.2
8,Bombay,IN,2022-04-04 17:31:57,19.0144,72.8479,84.18,79,40,5.75
9,Windhoek,NA,2022-04-04 17:29:13,-22.5594,17.0832,71.8,33,0,8.05
10,Cam Ranh,VN,2022-04-04 17:32:45,11.9214,109.1591,73.36,88,75,9.22
11,Thompson,CA,2022-04-04 17:32:46,55.7435,-97.8558,37.56,52,20,8.05
12,Meulaboh,ID,2022-04-04 17:32:46,4.1363,96.1285,76.86,87,100,3.02
13,Tuktoyaktuk,CA,2022-04-04 17:32:47,69.4541,-133.0374,-16.6,69,75,9.22
14,Rikitea,PF,2022-04-04 17:32:47,-23.1203,-134.9692,77.74,64,12,12.08
15,Ambilobe,MG,2022-04-04 17:32:48,-13.2,49.05,75.11,94,90,2.59
16,Busselton,AU,2022-04-04 17:32:48,-33.65,115.3333,53.44,79,0,9.78
17,Neustrelitz,DE,2022-04-04 17:32:49,53.3667,13.0833,38.79,93,100,22.68
18,Olafsvik,IS,2022-04-04 17:32:49,64.8945,-23.7142,31.23,71,68,27.0
19,Cockburn Town,TC,2022-04-04 17:32:49,21.4612,-71.1419,78.64,76,13,14.72
20,Plettenberg Bay,ZA,2022-04-04 17:32:50,-34.0527,23.3716,61.72,88,12,7.74
21,Albany,US,2022-04-04 17:31:47,42.6001,-73.9662,50.68,51,81,1.99
22,Townsville,AU,2022-04-04 17:32:50,-19.25,146.8,77.88,89,40,6.91
23,Punta Arenas,CL,2022-04-04 17:32:21,-53.15,-70.9167,42.91,70,40,34.52
24,Gizo,SB,2022-04-04 17:32:51,-8.103,156.8419,81.39,83,97,12.12
25,Northam,GB,2022-04-04 17:32:51,51.0333,-4.2167,54.39,96,100,14.65
26,Cherskiy,RU,2022-04-04 17:32:52,68.75,161.3,-23.67,99,67,2.15
27,Cranbrook,CA,2022-04-04 17:29:09,49.4999,-115.7688,39.04,93,75,14.97
28,Sabha,LY,2022-04-04 17:32:52,27.0377,14.4283,89.2,5,0,8.21
29,Vila Do Maio,CV,2022-04-04 17:32:52,15.1333,-23.2167,77.79,72,35,15.23
30,Morro Bay,US,2022-04-04 17:32:53,35.3658,-120.8499,69.24,60,3,8.01
31,Mataura,NZ,2022-04-04 17:32:53,-46.1927,168.8643,51.53,88,100,4.09
32,Victoria,HK,2022-04-04 17:28:32,22.2855,114.1577,68.38,73,4,15.99
33,Puerto Ayora,EC,2022-04-04 17:32:54,-0.7393,-90.3518,87.76,88,78,5.99
34,Butaritari,KI,2022-04-04 17:32:54,3.0707,172.7902,81.45,79,85,14.34
35,Hermanus,ZA,2022-04-04 17:32:54,-34.4187,19.2345,62.8,81,5,11.9
36,Arraial Do Cabo,BR,2022-04-04 17:32:55,-22.9661,-42.0278,87.76,74,0,14.97
37,Provideniya,RU,2022-04-04 17:32:55,64.3833,-173.3,-3.68,82,4,9.69
38,Yarada,IN,2022-04-04 17:32:56,17.65,83.2667,84.52,79,40,6.91
39,Alice Springs,AU,2022-04-04 17:32:56,-23.7,133.8833,69.22,32,0,0.0
40,Carnarvon,AU,2022-04-04 17:32:57,-24.8667,113.6333,75.27,83,0,12.66
41,Ilulissat,GL,2022-04-04 17:32:57,69.2167,-51.1,39.22,41,40,11.5
42,Byron Bay,AU,2022-04-04 17:32:58,-28.65,153.6167,66.09,89,30,3.56
43,Palmas,BR,2022-04-04 17:28:55,-10.2128,-48.3603,87.67,66,75,6.91
44,Sao Joao Da Barra,BR,2022-04-04 17:32:58,-21.6403,-41.0511,86.09,72,8,10.11
45,Adoni,IN,2022-04-04 17:32:58,15.6333,77.2833,87.19,36,57,16.06
46,College,US,2022-04-04 17:30:29,64.8569,-147.8028,9.28,75,75,3.44
47,Qingdao,CN,2022-04-04 17:33:59,36.0986,120.3719,47.8,81,0,11.18
48,Ribeira Grande,PT,2022-04-04 17:32:25,38.5167,-28.7,64.8,68,40,6.91
49,Mount Isa,AU,2022-04-04 17:33:59,-20.7333,139.5,71.37,20,5,1.14
50,Talnakh,RU,2022-04-04 17:34:00,69.4865,88.3972,-1.91,91,29,8.01
51,Barrow,US,2022-04-04 17:34:00,71.2906,-156.7887,-5.78,77,100,13.8
52,Sitka,US,2022-04-04 17:34:01,57.0531,-135.33,39.09,81,20,3.44
53,Cidreira,BR,2022-04-04 17:34:01,-30.1811,-50.2056,71.47,84,99,8.97
54,Weligama,LK,2022-04-04 17:34:01,5.9667,80.4167,78.19,83,76,0.98
55,Kapaa,US,2022-04-04 17:34:02,22.0752,-159.319,73.47,76,40,17.27
56,Ketchikan,US,2022-04-04 17:33:11,55.3422,-131.6461,40.98,70,0,10.36
57,El Alto,PE,2022-04-04 17:34:02,-4.2714,-81.2147,83.86,69,59,6.89
58,Ateli,IN,2022-04-04 17:29:50,28.1,76.2833,80.78,6,25,5.3
59,Doha,QA,2022-04-04 17:32:23,25.2867,51.5333,80.91,56,0,9.22
60,Gamba,GA,2022-04-04 17:34:03,-2.65,10.0,78.13,85,95,5.06
61,Port Elizabeth,ZA,2022-04-04 17:29:55,-33.918,25.5701,65.1,87,0,12.66
62,Lazaro Cardenas,MX,2022-04-04 17:34:04,17.9583,-102.2,81.45,53,15,8.99
63,Qaanaaq,GL,2022-04-04 17:34:04,77.484,-69.3632,21.49,74,98,7.56
64,Vardo,NO,2022-04-04 17:34:04,70.3705,31.1107,28.38,54,75,16.11
65,Bluff,NZ,2022-04-04 17:34:05,-46.6,168.3333,54.09,83,100,8.03
66,Mahibadhoo,MV,2022-04-04 17:34:05,3.7833,72.9667,83.98,62,66,2.17
67,Sidi Ali,DZ,2022-04-04 17:34:06,36.0998,0.4206,55.51,80,99,18.63
68,Pitimbu,BR,2022-04-04 17:34:06,-7.4706,-34.8086,86.59,61,41,11.79
69,Roald,NO,2022-04-04 17:34:08,62.5833,6.1333,36.34,60,40,11.5
70,Kodiak,US,2022-04-04 17:34:08,57.79,-152.4072,35.11,55,0,10.36
71,Pailon,BO,2022-04-04 17:34:09,-17.65,-62.75,86.9,43,10,6.98
72,Samana,DO,2022-04-04 17:34:09,19.2056,-69.3369,86.22,70,40,9.22
73,Honningsvag,NO,2022-04-04 17:34:10,70.9821,25.9704,26.35,63,40,10.36
74,Severo-Kurilsk,RU,2022-04-04 17:34:10,50.6789,156.125,33.03,81,7,6.76
75,Hilo,US,2022-04-04 17:34:10,19.7297,-155.09,70.25,87,75,7.0
76,Natal,BR,2022-04-04 17:30:59,-5.795,-35.2094,88.02,55,20,18.41
77,Katsuura,JP,2022-04-04 17:34:11,35.1333,140.3,49.1,91,100,24.63
78,Acarau,BR,2022-04-04 17:34:11,-2.8856,-40.12,83.89,74,95,13.6
79,Hay River,CA,2022-04-04 17:30:29,60.8156,-115.7999,37.38,56,75,12.66
80,Saint Anthony,US,2022-04-04 17:34:12,45.0205,-93.218,40.1,83,100,8.05
81,Bilibino,RU,2022-04-04 17:34:12,68.0546,166.4372,-21.05,90,28,5.12
82,Saint George,US,2022-04-04 17:33:48,37.1041,-113.5841,69.64,32,0,3.0
83,Necochea,AR,2022-04-04 17:32:39,-38.5473,-58.7368,65.66,39,1,12.12
84,Anadyr,RU,2022-04-04 17:34:13,64.75,177.4833,-12.5,77,0,13.42
85,Bambous Virieux,MU,2022-04-04 17:34:13,-20.3428,57.7575,79.05,83,100,11.5
86,Akdepe,TM,2022-04-04 17:34:14,42.0551,59.3788,75.29,16,40,12.39
87,Iqaluit,CA,2022-04-04 17:29:52,63.7506,-68.5145,11.93,72,75,20.71
88,Guerrero Negro,MX,2022-04-04 17:34:14,27.9769,-114.0611,65.39,57,73,16.35
89,Haines Junction,CA,2022-04-04 17:34:14,60.7522,-137.5108,31.95,55,100,4.61
90,Waitara,NZ,2022-04-04 17:34:15,-38.925,174.25,62.22,87,79,9.04
91,Ahipara,NZ,2022-04-04 17:34:15,-35.1667,173.1667,63.25,92,99,5.61
92,Benjamin Constant,BR,2022-04-04 17:35:16,-4.3831,-70.0311,84.33,65,40,5.75
93,Ancud,CL,2022-04-04 17:32:43,-41.8697,-73.8203,55.22,82,100,9.64
94,Klaksvik,FO,2022-04-04 17:35:16,62.2266,-6.589,34.72,65,100,18.9
95,Sirjan,IR,2022-04-04 17:35:17,29.452,55.6814,68.49,13,21,6.89
96,Coro,VE,2022-04-04 17:35:17,11.4045,-69.6734,85.78,65,93,23.49
97,Belaya Gora,RU,2022-04-04 17:35:17,68.5333,146.4167,-17.9,100,99,2.44
98,Waipawa,NZ,2022-04-04 17:35:18,-41.4122,175.5153,54.09,90,31,7.96
99,Sangar,RU,2022-04-04 17:35:18,63.9242,127.4739,-4.0,99,100,4.54
100,Hobyo,SO,2022-04-04 17:35:19,5.3505,48.5268,82.0,69,81,10.51
101,Rongcheng,CN,2022-04-04 17:35:19,30.634,117.8517,58.71,70,100,2.48
102,Port Alfred,ZA,2022-04-04 17:35:19,-33.5906,26.891,64.18,81,1,3.0
103,Saskylakh,RU,2022-04-04 17:35:20,71.9167,114.0833,-6.83,98,100,5.82
104,Vostok,RU,2022-04-04 17:35:20,46.4856,135.8833,30.49,87,65,6.04
105,Danielskuil,ZA,2022-04-04 17:34:15,-28.1887,23.5395,59.67,35,0,10.33
106,Saint-Philippe,RE,2022-04-04 17:35:20,-21.3585,55.7679,76.59,86,99,14.61
107,Tahta,EG,2022-04-04 17:35:21,26.7693,31.5021,88.11,7,4,9.22
108,Goderich,CA,2022-04-04 17:35:21,43.7501,-81.7165,38.91,70,100,8.05
109,Taoudenni,ML,2022-04-04 17:35:22,22.6783,-3.9836,96.1,10,0,12.68
110,Airai,TL,2022-04-04 17:35:22,-8.9266,125.4092,57.94,91,14,0.94
111,Trincomalee,LK,2022-04-04 17:35:23,8.5711,81.2335,81.43,76,18,7.14
112,Nerchinskiy Zavod,RU,2022-04-04 17:35:23,51.3088,119.61,17.01,49,71,8.7
113,Geraldton,AU,2022-04-04 17:35:23,-28.7667,114.6,64.81,94,3,8.05
114,Sechura,PE,2022-04-04 17:35:24,-5.5569,-80.8222,81.14,58,90,8.5
115,Banjar,ID,2022-04-04 17:35:24,-8.19,114.9675,75.4,90,19,4.92
116,Gravdal,NO,2022-04-04 17:35:25,68.1214,13.5031,29.62,51,73,14.67
117,Pouembout,NC,2022-04-04 17:35:25,-21.1333,164.9,76.87,88,100,5.61
118,Trairi,BR,2022-04-04 17:35:26,-3.2778,-39.2689,82.67,80,100,11.01
119,Eureka,US,2022-04-04 17:31:23,40.8021,-124.1637,52.41,94,100,5.99
120,Gainesville,US,2022-04-04 17:31:55,29.6516,-82.3248,83.01,48,0,4.61
121,Umm Kaddadah,SD,2022-04-04 17:35:26,13.6017,26.6876,89.31,9,34,8.57
122,Pemangkat,ID,2022-04-04 17:35:27,1.1667,108.9667,80.24,78,100,2.42
123,Wajima,JP,2022-04-04 17:35:28,37.4,136.9,47.91,85,34,4.54
124,Avarua,CK,2022-04-04 17:35:28,-21.2078,-159.775,71.65,100,99,1.14
125,Muros,ES,2022-04-04 17:35:28,42.7762,-9.0603,57.69,48,4,17.6
126,Jamestown,US,2022-04-04 17:32:53,42.097,-79.2353,44.53,53,0,3.44
127,Cap Malheureux,MU,2022-04-04 17:35:29,-19.9842,57.6142,78.48,85,100,5.99
128,Hobart,AU,2022-04-04 17:35:29,-42.8794,147.3294,57.06,83,100,16.11
129,Sindor,RU,2022-04-04 17:35:30,62.8629,51.8905,15.48,95,100,2.39
130,Bredasdorp,ZA,2022-04-04 17:34:15,-34.5322,20.0403,64.33,73,3,11.68
131,New Norfolk,AU,2022-04-04 17:35:30,-42.7826,147.0587,56.71,74,97,2.04
132,Ust-Nera,RU,2022-04-04 17:35:31,64.5667,143.2,-13.04,100,87,5.64
133,Poronaysk,RU,2022-04-04 17:35:31,49.2167,143.1167,32.56,92,49,5.77
134,Fairbanks,US,2022-04-04 17:35:14,64.8378,-147.7164,10.49,75,100,3.44
135,Horta,PT,2022-04-04 17:35:31,38.5333,-28.6333,64.04,68,40,6.91
136,Saint-Francois,FR,2022-04-04 17:35:32,46.4154,3.9054,47.68,40,0,8.05
137,Praya,CV,2022-04-04 17:35:32,14.9215,-23.5087,77.54,53,20,21.85
138,Tateyama,JP,2022-04-04 17:35:32,34.9833,139.8667,50.09,85,100,26.71
139,Khatanga,RU,2022-04-04 17:35:33,71.9667,102.5,-28.5,100,35,3.31
140,Karratha,AU,2022-04-04 17:36:33,-20.7377,116.8463,82.96,67,13,10.74
141,Nikolskoye,RU,2022-04-04 17:36:34,59.7035,30.7861,38.71,72,100,11.5
142,Kholodnyy,RU,2022-04-04 17:36:34,62.7167,147.95,-15.45,100,92,5.32
143,Lishan,CN,2022-04-04 17:36:35,31.8576,113.2951,58.86,67,100,3.85
144,Alofi,NU,2022-04-04 17:36:35,-19.0595,-169.9187,73.29,94,75,3.44
145,Camana,PE,2022-04-04 17:36:35,-16.6228,-72.7111,73.26,72,36,8.75
146,Yeniseysk,RU,2022-04-04 17:36:36,58.4497,92.1703,24.75,83,98,10.42
147,Chingirlau,KZ,2022-04-04 17:36:36,51.095,54.0814,45.01,77,99,9.04
148,Aksarka,RU,2022-04-04 17:36:37,66.5606,67.7975,24.42,97,100,5.64
149,Abilene,US,2022-04-04 17:35:37,32.4487,-99.7331,71.82,60,100,11.5
150,Mount Gambier,AU,2022-04-04 17:36:37,-37.8333,140.7667,44.51,93,100,0.0
151,Datong,CN,2022-04-04 17:36:38,40.0936,113.2914,50.49,25,7,6.29
152,Bethel,US,2022-04-04 17:36:38,41.3712,-73.414,54.01,50,40,10.36
153,Zatoka,UA,2022-04-04 17:36:38,46.0725,30.4654,41.97,71,99,14.9
154,Upata,VE,2022-04-04 17:36:39,8.0086,-62.3989,88.81,44,80,6.76
155,Nobres,BR,2022-04-04 17:36:39,-14.7203,-56.3275,89.02,48,1,4.05
156,Cape Town,ZA,2022-04-04 17:35:14,-33.9258,18.4232,65.88,85,20,11.5
157,Cayenne,GF,2022-04-04 17:36:40,4.9333,-52.3333,83.08,1,75,9.22
158,Mbini,GQ,2022-04-04 17:36:40,1.574,9.6134,81.63,74,85,10.33
159,Sao Filipe,CV,2022-04-04 17:36:41,14.8961,-24.4956,71.29,74,9,11.54
160,Gat,IL,2022-04-04 17:34:00,31.61,34.7642,69.82,100,16,8.5
161,Ambunti,PG,2022-04-04 17:36:41,-4.2365,142.8448,73.71,99,100,1.95
162,Spornoye,RU,2022-04-04 17:36:42,50.8448,37.2913,32.29,75,79,7.45
163,Nuuk,GL,2022-04-04 17:36:42,64.1835,-51.7216,36.21,80,75,2.3
164,Tiksi,RU,2022-04-04 17:36:42,71.6872,128.8694,-7.51,100,100,4.99
165,Zhigansk,RU,2022-04-04 17:36:43,66.7697,123.3711,-1.93,96,91,12.97
166,Vila Velha,BR,2022-04-04 17:36:43,-20.3297,-40.2925,87.75,67,20,11.5
167,Aklavik,CA,2022-04-04 17:36:44,68.2191,-135.0107,-11.83,84,99,11.65
168,Cabo San Lucas,MX,2022-04-04 17:36:44,22.8909,-109.9124,77.61,61,0,17.27
169,Kurilsk,RU,2022-04-04 17:36:44,45.2333,147.8833,37.09,78,19,5.23
170,Vetlanda,SE,2022-04-04 17:36:45,57.4289,15.0776,36.27,97,100,12.82
171,Luderitz,NA,2022-04-04 17:36:45,-26.6481,15.1594,60.84,80,0,6.38
172,Coahuayana,MX,2022-04-04 17:36:46,18.7333,-103.6833,85.05,44,21,7.76
173,Leningradskiy,RU,2022-04-04 17:36:46,69.3833,178.4167,-14.57,99,100,4.72
174,Nabire,ID,2022-04-04 17:36:46,-3.3667,135.4833,76.24,78,100,3.33
175,Solnechnyy,RU,2022-04-04 17:36:47,50.7214,136.6319,30.42,81,97,1.39
176,Khilok,RU,2022-04-04 17:36:47,51.3674,110.4676,6.06,91,6,3.85
177,Lavrentiya,RU,2022-04-04 17:36:48,65.5833,-171.0,-10.55,92,26,9.73
178,Dingle,PH,2022-04-04 17:36:48,10.9995,122.6711,76.21,90,99,7.05
179,Upernavik,GL,2022-04-04 17:36:49,72.7868,-56.1549,27.66,76,99,3.6
180,Torbay,CA,2022-04-04 17:35:32,47.6666,-52.7314,50.77,63,75,7.0
181,Yokadouma,CM,2022-04-04 17:36:49,3.5167,15.05,69.24,97,98,3.49
182,Komsomolskiy,UZ,2022-04-04 17:36:50,40.4272,71.7189,63.32,45,0,6.91
183,Mar Del Plata,AR,2022-04-04 17:33:16,-38.0023,-57.5575,71.62,33,0,14.97
184,Quatre Cocos,MU,2022-04-04 17:36:50,-20.2078,57.7625,78.91,82,100,11.88
185,Moree,AU,2022-04-04 17:37:51,-29.4667,149.85,64.42,88,75,8.05
186,Bubaque,GW,2022-04-04 17:37:51,11.2833,-15.8333,75.61,73,3,22.68
187,Half Moon Bay,US,2022-04-04 17:37:51,37.4636,-122.4286,65.1,66,0,18.41
188,San Rafael,AR,2022-04-04 17:33:25,-34.6177,-68.3301,76.12,15,0,12.19
189,Conde,BR,2022-04-04 17:37:52,-7.2597,-34.9075,85.46,66,40,14.97
190,Champerico,GT,2022-04-04 17:37:53,14.3,-91.9167,90.14,61,16,11.36
191,Okhotsk,RU,2022-04-04 17:37:53,59.3833,143.3,23.31,91,100,20.13
192,Dawlatabad,AF,2022-04-04 17:37:53,36.4141,64.9053,74.66,18,1,7.07
193,Samarai,PG,2022-04-04 17:37:54,-10.6167,150.6667,81.7,79,100,11.01
194,Dawei,MM,2022-04-04 17:37:54,14.0833,98.2,74.66,58,85,5.21
195,Erice,IT,2022-04-04 17:37:55,38.037,12.5865,50.36,77,20,6.91
196,Inhambane,MZ,2022-04-04 17:37:55,-23.865,35.3833,76.98,73,0,4.61
197,Tuatapere,NZ,2022-04-04 17:37:55,-46.1333,167.6833,55.65,87,100,5.68
198,Srednekolymsk,RU,2022-04-04 17:37:56,67.45,153.6833,-12.93,100,100,3.8
199,Castro,BR,2022-04-04 17:37:57,-24.7911,-50.0119,74.39,81,27,7.18
200,Fushun,CN,2022-04-04 17:37:57,41.8558,123.9233,53.31,48,61,18.92
201,Alakurtti,RU,2022-04-04 17:37:58,66.9672,30.3491,17.58,92,80,5.08
202,Mokhsogollokh,RU,2022-04-04 17:37:58,61.4681,128.9203,15.37,93,100,6.13
203,Juneau,US,2022-04-04 17:37:58,58.3019,-134.4197,38.21,94,40,0.0
204,Duluth,US,2022-04-04 17:35:50,46.7833,-92.1066,40.03,91,100,5.75
205,Port-Cartier,CA,2022-04-04 17:37:59,50.0334,-66.8654,39.42,92,64,6.26
206,Berlevag,NO,2022-04-04 17:37:59,70.8578,29.0864,19.4,68,100,10.18
207,Chumikan,RU,2022-04-04 17:38:00,54.7183,135.315,19.78,78,25,15.28
208,Husavik,IS,2022-04-04 17:38:00,66.0449,-17.3389,25.07,79,100,14.12
209,Fuling,CN,2022-04-04 17:38:01,29.7022,107.3919,55.6,94,100,1.9
210,Bereda,ES,2022-04-04 17:38:01,43.2686,-7.5406,46.58,67,6,10.51
211,Tecoanapa,MX,2022-04-04 17:38:01,16.5167,-98.75,83.08,55,0,10.25
212,Sola,VU,2022-04-04 17:38:02,-13.8833,167.55,81.79,76,96,12.33
213,Georgetown,MY,2022-04-04 17:38:02,5.4112,100.3354,78.73,93,40,5.75
214,Uruzgan,AF,2022-04-04 17:38:03,32.8333,66.0,63.84,19,100,2.15
215,Vanimo,PG,2022-04-04 17:38:03,-2.6741,141.3028,77.16,90,97,5.79
216,Abu Samrah,SY,2022-04-04 17:38:04,35.3029,37.1841,61.65,42,87,7.7
217,Labuhan,ID,2022-04-04 17:38:04,-6.8844,112.2051,76.32,89,37,7.7
218,Takoradi,GH,2022-04-04 17:38:05,4.8845,-1.7554,83.35,78,77,11.1
219,Xining,CN,2022-04-04 17:38:05,36.6167,101.7667,40.8,36,48,1.9
220,Liku,ID,2022-04-04 17:38:06,-0.7275,119.8922,74.77,92,99,1.74
221,Nishihara,JP,2022-04-04 17:38:06,26.1842,127.7558,61.88,75,0,6.91
222,San Quintin,MX,2022-04-04 17:38:06,30.4833,-115.95,64.42,69,12,13.13
223,Laguna,US,2022-04-04 17:38:07,38.421,-121.4238,64.98,62,0,8.05
224,Valle De Allende,MX,2022-04-04 17:38:07,26.9333,-105.4,79.25,8,99,1.28
225,Yenagoa,NG,2022-04-04 17:38:07,4.9247,6.2642,81.41,79,79,7.07
226,Hofn,IS,2022-04-04 17:38:08,64.2539,-15.2082,30.22,80,100,9.22
227,Padang,ID,2022-04-04 17:38:08,-0.9492,100.3543,73.45,81,33,3.98
228,Lorengau,PG,2022-04-04 17:38:09,-2.0226,147.2712,79.77,84,100,10.8
229,Aksu,CN,2022-04-04 17:38:09,41.1231,80.2644,61.29,22,0,2.89
230,Sierra Vista,US,2022-04-04 17:35:25,31.5545,-110.3037,68.7,28,0,8.05
231,Musoma,TZ,2022-04-04 17:38:09,-1.5,33.8,67.5,77,59,13.67
232,Asau,RO,2022-04-04 17:39:10,46.4333,26.4,40.12,71,84,6.4
233,Matagami,CA,2022-04-04 17:39:10,49.7502,-77.6328,33.91,37,0,4.61
234,Metu,ET,2022-04-04 17:39:11,8.3,35.5833,67.86,60,68,3.49
235,Lasa,IT,2022-04-04 17:39:11,46.6166,10.7002,47.28,89,56,2.71
236,Yellowknife,CA,2022-04-04 17:36:51,62.456,-114.3525,32.41,68,75,14.97
237,Livingston,GB,2022-04-04 17:36:09,55.9029,-3.5226,52.81,79,75,11.5
238,Caravelas,BR,2022-04-04 17:39:12,-17.7125,-39.2481,83.8,63,7,7.65
239,Deoband,IN,2022-04-04 17:39:13,29.7,77.6833,76.51,8,50,4.12
240,Bengkulu,ID,2022-04-04 17:39:13,-3.8004,102.2655,76.32,85,84,4.52
241,Wanaka,NZ,2022-04-04 17:38:21,-44.7,169.15,55.04,93,100,4.54
242,Hirara,JP,2022-04-04 17:39:14,24.8,125.2833,68.88,59,10,12.62
243,West Monroe,US,2022-04-04 17:39:14,32.5185,-92.1476,79.02,52,0,5.75
244,Nur,PL,2022-04-04 17:39:15,52.6683,22.3221,36.7,79,93,19.6
245,Araouane,ML,2022-04-04 17:39:15,18.9048,-3.5265,96.75,9,0,9.71
246,Ati,TD,2022-04-04 17:39:16,13.2154,18.3353,92.01,9,15,6.69
247,Hanumangarh,IN,2022-04-04 17:39:16,29.5833,74.3167,82.98,7,96,7.72
248,Longyearbyen,SJ,2022-04-04 17:39:16,78.2186,15.6401,10.24,56,30,25.32
249,Morehead,US,2022-04-04 17:39:17,37.2711,-87.1764,54.79,67,100,9.22
250,Coihaique,CL,2022-04-04 17:39:17,-45.5752,-72.0662,56.01,71,75,5.75
251,Mahebourg,MU,2022-04-04 17:39:18,-20.4081,57.7,79.25,83,100,11.5
252,Salalah,OM,2022-04-04 17:34:19,17.0151,54.0924,80.69,89,0,3.44
253,Jumla,NP,2022-04-04 17:39:19,29.2747,82.1838,49.08,35,19,4.59
254,Teya,RU,2022-04-04 17:39:19,60.3778,92.6267,17.38,91,100,3.56
255,Krasnoselkup,RU,2022-04-04 17:39:19,65.7,82.4667,26.4,94,100,23.71
256,Ormara,PK,2022-04-04 17:39:20,25.2088,64.6357,78.73,74,99,9.82
257,Auki,SB,2022-04-04 17:39:20,-8.7676,160.7034,77.09,91,100,6.91
258,Rexburg,US,2022-04-04 17:39:00,43.826,-111.7897,46.38,27,100,24.16
259,Kloulklubed,PW,2022-04-04 17:39:21,7.0419,134.2556,77.5,74,100,10.11
260,Norsup,VU,2022-04-04 17:39:21,-16.0667,167.3833,80.65,83,98,10.04
261,Along,IN,2022-04-04 17:39:22,28.1667,94.7667,65.21,98,100,0.83
262,Ostrovnoy,RU,2022-04-04 17:39:22,68.0531,39.5131,18.55,91,94,10.63
263,Rocha,UY,2022-04-04 17:39:23,-34.4833,-54.3333,69.53,27,0,11.99
264,Rochester,US,2022-04-04 17:39:15,43.1548,-77.6156,46.78,69,75,9.22
265,Davila,PH,2022-04-04 17:39:23,18.4726,120.5763,77.2,79,62,22.86
266,Ismailia,EG,2022-04-04 17:39:24,30.6043,32.2723,70.14,37,0,11.97
267,Corcoran,US,2022-04-04 17:39:24,36.098,-119.5604,66.27,31,8,12.06
268,Puerto Escondido,MX,2022-04-04 17:39:25,15.85,-97.0667,83.23,74,0,9.22
269,Winneba,GH,2022-04-04 17:39:25,5.3511,-0.6231,83.77,77,64,13.82
270,Parkes,AU,2022-04-04 17:39:26,-33.1333,148.1833,53.35,72,0,3.22
271,Sanchor,IN,2022-04-04 17:39:26,24.7553,71.7722,84.04,28,32,10.56
272,Bantry,IE,2022-04-04 17:39:26,51.6833,-9.45,51.78,81,99,11.74
273,Cabedelo,BR,2022-04-04 17:39:27,-6.9811,-34.8339,86.67,64,24,13.58
274,Killybegs,IE,2022-04-04 17:39:27,54.6333,-8.45,49.71,96,100,21.79
275,Chuy,UY,2022-04-04 17:39:28,-33.6971,-53.4616,68.41,53,83,11.74
276,Faanui,PF,2022-04-04 17:39:28,-16.4833,-151.75,82.24,72,100,17.27
277,Kavieng,PG,2022-04-04 17:40:29,-2.5744,150.7967,78.44,88,100,15.32
278,Raudeberg,NO,2022-04-04 17:40:29,61.9875,5.1352,34.47,77,100,25.41
279,Jos,NG,2022-04-04 17:40:29,9.9167,8.9,76.3,15,57,3.89
280,Korla,CN,2022-04-04 17:40:30,41.7597,86.1469,60.33,21,0,2.62
281,Adrar,MR,2022-04-04 17:40:30,20.5022,-10.0711,88.68,14,0,15.03
282,Kvarkeno,RU,2022-04-04 17:40:30,52.0833,59.725,41.23,91,100,10.38
283,Portland,US,2022-04-04 17:35:31,45.5234,-122.6762,52.84,83,75,16.11
284,Inverell,AU,2022-04-04 17:40:31,-29.7833,151.1167,63.66,95,54,1.99
285,Colesberg,ZA,2022-04-04 17:40:31,-30.72,25.0972,62.1,33,0,9.86
286,Maridi,SS,2022-04-04 17:40:31,4.9158,29.4742,78.57,43,80,2.73
287,Beringovskiy,RU,2022-04-04 17:40:32,63.05,179.3167,-10.5,95,99,11.07
288,Mehamn,NO,2022-04-04 17:40:32,71.0357,27.8492,19.35,79,20,2.3
289,Elko,US,2022-04-04 17:36:51,41.0002,-115.5012,46.42,40,100,21.12
290,Agaro,ET,2022-04-04 17:40:33,7.85,36.65,69.87,54,73,2.39
291,Lensk,RU,2022-04-04 17:40:33,60.7253,114.9278,-2.56,100,63,4.32
292,Puerto Del Rosario,ES,2022-04-04 17:40:34,28.5004,-13.8627,67.75,56,40,18.41
293,Liwale,TZ,2022-04-04 17:40:34,-9.7667,37.9333,71.2,92,49,1.95
294,Marsh Harbour,BS,2022-04-04 17:40:34,26.5412,-77.0636,74.98,73,95,10.76
295,Bama,NG,2022-04-04 17:40:35,11.5221,13.6856,94.39,7,70,8.84
296,Raga,SS,2022-04-04 17:40:35,8.4596,25.678,87.13,34,83,0.67
297,Stornoway,GB,2022-04-04 17:40:36,58.2093,-6.3865,44.92,87,75,8.05
298,Ugoofaaru,MV,2022-04-04 17:40:36,5.6667,73.0,84.13,66,67,1.57
299,Magalia,US,2022-04-04 17:40:37,39.8121,-121.5783,57.15,48,94,4.52
300,Awjilah,LY,2022-04-04 17:40:37,29.1081,21.2869,90.48,5,0,8.3
301,Luanda,AO,2022-04-04 17:40:38,-8.8368,13.2343,80.6,78,40,10.36
302,Jacareacanga,BR,2022-04-04 17:40:38,-6.2222,-57.7528,83.52,79,84,1.61
303,Chepareria,KE,2022-04-04 17:40:39,1.3077,35.2039,67.73,41,30,4.97
304,Deputatskiy,RU,2022-04-04 17:40:39,69.3,139.9,-17.54,98,71,1.36
305,Hasaki,JP,2022-04-04 17:40:39,35.7333,140.8333,46.8,91,100,33.33
306,Vung Tau,VN,2022-04-04 17:40:40,10.346,107.0843,79.74,77,37,4.76
307,Axim,GH,2022-04-04 17:40:40,4.8699,-2.2405,83.1,78,67,8.34
308,Diego De Almagro,CL,2022-04-04 17:40:41,-26.3667,-70.05,84.79,11,0,12.28
309,Banda,IN,2022-04-04 17:40:41,25.4833,80.3333,89.35,5,0,3.98
310,Bastrop,US,2022-04-04 17:38:24,32.7562,-91.8724,78.69,50,78,3.0
311,Henties Bay,NA,2022-04-04 17:40:41,-22.116,14.2845,62.47,77,0,10.65
312,Morondava,MG,2022-04-04 17:40:42,-20.2833,44.2833,81.3,64,0,10.11
313,Bathsheba,BB,2022-04-04 17:40:42,13.2167,-59.5167,86.61,54,20,14.97
314,Sovetsk,RU,2022-04-04 17:40:42,55.0839,21.8785,41.22,58,100,23.15
315,Lufilufi,WS,2022-04-04 17:40:43,-13.8745,-171.5986,73.18,73,99,10.47
316,Alizai,PK,2022-04-04 17:40:44,33.5383,70.3462,71.58,18,14,2.3
317,Cesis,LV,2022-04-04 17:40:44,57.3119,25.2746,35.73,86,100,13.24
318,Inirida,CO,2022-04-04 17:40:44,3.8653,-67.9239,83.57,81,91,2.39
319,Souillac,MU,2022-04-04 17:40:45,-20.5167,57.5167,79.18,83,100,11.5
320,Marawi,PH,2022-04-04 17:40:45,7.9986,124.2928,68.25,96,87,0.76
321,Lebu,CL,2022-04-04 17:40:46,-37.6167,-73.65,58.69,69,14,17.63
322,Chokurdakh,RU,2022-04-04 17:40:46,70.6333,147.9167,-18.58,100,50,8.46
323,Ambositra,MG,2022-04-04 17:40:46,-20.5167,47.25,59.45,91,65,2.08
324,Ocos,GT,2022-04-04 17:40:47,14.5094,-92.1933,85.37,63,25,11.21
325,Poum,NC,2022-04-04 17:41:47,-20.2333,164.0167,81.63,82,100,24.29
326,Fare,PF,2022-04-04 17:41:48,-16.7,-151.0167,82.17,74,99,16.51
327,Patacamaya,BO,2022-04-04 17:41:48,-17.2333,-67.9167,58.08,46,62,11.25
328,Nemuro,JP,2022-04-04 17:41:48,43.3236,145.575,36.91,89,40,12.91
329,Lompoc,US,2022-04-04 17:41:49,34.6391,-120.4579,67.93,72,0,16.11
330,Atuona,PF,2022-04-04 17:41:49,-9.8,-139.0333,79.39,76,13,22.17
331,Itoman,JP,2022-04-04 17:41:50,26.1247,127.6694,62.62,72,40,6.91
332,Kuching,MY,2022-04-04 17:41:50,1.55,110.3333,77.22,94,40,2.3
333,Kurumkan,RU,2022-04-04 17:41:51,54.3,110.3,7.72,89,42,4.63
334,Yar-Sale,RU,2022-04-04 17:41:51,66.8333,70.8333,27.81,97,100,10.69
335,Saint-Michel-Des-Saints,CA,2022-04-04 17:41:52,46.6834,-73.9159,34.97,84,52,8.16
336,Yinchuan,CN,2022-04-04 17:41:52,38.4681,106.2731,53.98,14,0,2.68
337,Touros,BR,2022-04-04 17:41:52,-5.1989,-35.4608,84.6,62,20,15.46
338,Kastamonu,TR,2022-04-04 17:41:53,41.5,33.6667,42.31,69,97,2.95
339,Palu,ID,2022-04-04 17:41:53,-0.8917,119.8707,75.06,94,100,2.55
340,Jieshi,CN,2022-04-04 17:41:54,22.8134,115.8257,62.62,78,0,16.2
341,Tshikapa,CD,2022-04-04 17:41:54,-6.4167,20.8,69.44,97,60,0.78
342,Shubarshi,KZ,2022-04-04 17:41:54,48.5872,57.1869,50.34,82,100,12.46
343,Coos Bay,US,2022-04-04 17:41:55,43.3665,-124.2179,50.99,96,100,12.66
344,Constitucion,CL,2022-04-04 17:41:55,-35.3333,-72.4167,65.55,47,8,14.83
345,Tasiilaq,GL,2022-04-04 17:41:56,65.6145,-37.6368,14.72,89,88,8.59
346,Lithgow,AU,2022-04-04 17:41:56,-33.4833,150.15,46.22,89,0,3.22
347,Drammen,NO,2022-04-04 17:41:56,59.7439,10.2045,39.18,65,99,11.25
348,Kaitangata,NZ,2022-04-04 17:41:57,-46.2817,169.8464,52.7,96,100,4.25
349,Langenburg,DE,2022-04-04 17:41:57,49.2544,9.8458,41.9,54,0,21.85
350,Tukrah,LY,2022-04-04 17:41:58,32.5341,20.5791,75.25,27,57,8.21
351,Presidencia Roque Saenz Pena,AR,2022-04-04 17:41:58,-26.7852,-60.4388,82.72,54,73,7.36
352,Puerto Colombia,CO,2022-04-04 17:41:59,10.9878,-74.9547,87.89,77,100,16.06
353,Komarikhinskiy,RU,2022-04-04 17:41:59,58.0979,57.1163,35.51,97,99,7.61
354,Kiunga,PG,2022-04-04 17:41:59,-6.1219,141.2906,71.73,99,100,2.33
355,Kamenka,RU,2022-04-04 17:42:00,51.3223,42.7678,32.16,87,96,10.49
356,Nelson Bay,AU,2022-04-04 17:42:00,-32.7167,152.15,63.0,92,1,7.76
357,Esperance,AU,2022-04-04 17:42:01,-33.8667,121.9,58.84,73,54,15.82
358,Dedza,MW,2022-04-04 17:42:01,-14.3779,34.3332,59.61,95,48,0.85
359,Novopokrovka,UA,2022-04-04 17:42:02,49.8425,36.5477,36.95,60,76,6.02
360,Jining,CN,2022-04-04 17:42:02,35.405,116.5814,54.34,67,100,11.25
361,Llangefni,GB,2022-04-04 17:42:02,53.2556,-4.3106,54.66,84,100,16.11
362,Oranjestad,AW,2022-04-04 17:42:03,12.524,-70.027,87.75,62,20,23.02
363,Narsaq,GL,2022-04-04 17:42:03,60.9167,-46.05,50.22,66,99,1.74
364,Tautira,PF,2022-04-04 17:42:04,-17.7333,-149.15,81.27,80,71,16.82
365,Nusaybin,TR,2022-04-04 17:42:04,37.0778,41.2178,65.14,33,87,13.4
366,Rantepao,ID,2022-04-04 17:42:05,-2.9701,119.8978,66.97,97,100,2.01
367,Heishan,CN,2022-04-04 17:42:05,41.6892,122.1128,48.2,67,67,20.42
368,Pelym,RU,2022-04-04 17:42:06,61.0108,61.9978,27.19,97,95,1.25
369,Sarkand,KZ,2022-04-04 17:42:06,45.41,79.9186,54.72,33,100,7.16
370,Arys,KZ,2022-04-04 17:42:06,42.4252,68.795,64.09,45,0,8.52
371,Port Augusta,AU,2022-04-04 17:42:07,-32.5,137.7667,61.93,37,0,3.47
372,Grindavik,IS,2022-04-04 17:41:46,63.8424,-22.4338,37.35,93,100,14.97
373,Goundam,ML,2022-04-04 17:42:07,16.4145,-3.6708,98.78,7,4,4.36
374,Kirakira,SB,2022-04-04 17:42:08,-10.4544,161.9205,80.42,85,100,16.06
375,Seoul,KR,2022-04-04 17:41:30,37.5683,126.9778,44.04,71,0,3.44
376,Norman Wells,CA,2022-04-04 17:43:08,65.282,-126.8329,-7.56,71,75,9.22
377,Iberia,US,2022-04-04 17:43:09,29.9502,-91.7507,80.96,57,20,11.5
378,Tura,IN,2022-04-04 17:43:10,25.5198,90.2201,73.78,83,0,8.99
379,Smithers,CA,2022-04-04 17:43:10,54.7804,-127.1743,30.52,74,100,0.0
380,Pumiao,CN,2022-04-04 17:43:10,22.75,108.4833,59.4,61,3,3.69
381,Salinas,US,2022-04-04 17:41:24,36.6777,-121.6555,61.0,63,0,5.75
382,Athabasca,CA,2022-04-04 17:43:11,54.7169,-113.2854,39.61,68,74,7.94
383,Saint-Georges,GD,2022-04-04 17:43:11,12.0564,-61.7485,83.88,70,20,20.71
384,Saldanha,ZA,2022-04-04 17:43:12,-33.0117,17.9442,64.45,81,9,6.89
385,Pangnirtung,CA,2022-04-04 17:43:13,66.1451,-65.7125,15.8,79,75,11.5
386,Bethanien,NA,2022-04-04 17:43:13,-26.502,17.1583,66.16,24,0,10.4
387,Arrecife,ES,2022-04-04 17:43:14,28.963,-13.5477,66.18,55,20,19.57
388,Shyryayeve,UA,2022-04-04 17:43:14,47.3805,30.1964,40.57,44,100,6.08
389,Ceica,RO,2022-04-04 17:43:15,46.85,22.1833,38.98,73,66,5.41
390,Sakakah,SA,2022-04-04 17:43:15,29.9697,40.2064,83.77,12,18,11.77
391,Bandarbeyla,SO,2022-04-04 17:43:15,9.4942,50.8122,79.63,72,47,6.42
392,Logan,US,2022-04-04 17:43:16,41.7355,-111.8344,56.66,30,80,5.99
393,Shizuishan,CN,2022-04-04 17:43:16,39.2333,106.7694,52.72,14,4,8.95
394,Nanortalik,GL,2022-04-04 17:42:02,60.1432,-45.2371,37.31,76,100,4.27
395,Novosheshminsk,RU,2022-04-04 17:43:17,55.0651,51.2338,31.55,94,100,16.75
396,Porto Novo,BJ,2022-04-04 17:43:17,6.4965,2.6036,87.62,75,84,11.77
397,Biak,ID,2022-04-04 17:43:18,-0.9131,122.8766,75.96,81,100,3.0
398,Arbuzynka,UA,2022-04-04 17:43:18,47.9097,31.3196,38.34,42,97,7.61
399,Varhaug,NO,2022-04-04 17:43:19,58.6147,5.6457,40.55,64,22,33.58
400,Warrnambool,AU,2022-04-04 17:43:20,-38.3833,142.4833,53.82,81,76,3.27
401,East London,ZA,2022-04-04 17:42:27,-33.0153,27.9116,67.14,82,20,11.5
402,Kottapalli,IN,2022-04-04 17:43:21,18.4833,79.1,87.98,25,31,4.72
403,Sept-Iles,CA,2022-04-04 17:43:21,50.2001,-66.3821,39.72,64,20,7.0
404,Lata,PT,2022-04-04 17:43:21,40.1629,-8.3327,56.16,37,93,6.4
405,Thio,NC,2022-04-04 17:43:22,-21.6167,166.2167,75.16,86,100,7.18
406,El Angel,EC,2022-04-04 17:43:22,0.6167,-77.9333,55.45,60,89,2.01
407,Sarangani,PH,2022-04-04 17:43:23,5.4033,125.4636,80.71,78,99,8.48
408,Taltal,CL,2022-04-04 17:43:23,-25.4,-70.4833,70.03,60,5,7.49
409,Key West,US,2022-04-04 17:43:24,24.5557,-81.7826,87.8,69,0,10.36
410,Ha Giang,VN,2022-04-04 17:43:24,22.8333,104.9833,61.83,80,1,1.34
411,Hamilton,US,2022-04-04 17:43:25,39.1834,-84.5333,56.75,52,100,10.36
412,Vigrestad,NO,2022-04-04 17:43:25,58.5667,5.7,40.68,64,25,34.29
413,Nouadhibou,MR,2022-04-04 17:43:25,20.931,-17.0347,71.58,73,20,12.66
414,Mountain Home,US,2022-04-04 17:41:26,43.133,-115.6912,44.08,93,100,16.11
415,Sialkot,PK,2022-04-04 17:43:26,32.5101,74.5431,76.82,50,0,0.0
416,Chihuahua,MX,2022-04-04 17:44:27,28.5,-106.0,74.48,9,70,13.73
417,Bugaba,PA,2022-04-04 17:44:27,8.4833,-82.6167,86.31,47,86,6.87
418,Teguldet,RU,2022-04-04 17:44:28,57.3064,88.1667,33.75,98,100,7.78
419,Todos Santos,MX,2022-04-04 17:44:28,23.45,-110.2167,65.66,65,45,12.48
420,Saint-Alexandre,FR,2022-04-04 17:44:29,44.2278,4.6214,54.3,54,0,9.93
421,Hami,CN,2022-04-04 17:44:29,42.8,93.45,58.64,15,3,4.65
422,Sembe,CG,2022-04-04 17:44:30,1.6481,14.5806,72.14,93,78,1.61
423,Grand Gaube,MU,2022-04-04 17:44:30,-20.0064,57.6608,79.38,85,100,5.01
424,Acapulco,MX,2022-04-04 17:42:10,16.8634,-99.8901,80.42,69,0,9.22
425,Kruisfontein,ZA,2022-04-04 17:44:31,-34.0033,24.7314,63.88,82,0,11.43
426,Kalmunai,LK,2022-04-04 17:44:31,7.4167,81.8167,79.66,79,70,6.87
427,El Viejo,NI,2022-04-04 17:44:31,12.6633,-87.1672,91.62,46,40,4.61
428,Salacea,RO,2022-04-04 17:44:32,47.4667,22.3167,32.63,79,55,8.08
429,Isangel,VU,2022-04-04 17:44:32,-19.55,169.2667,79.3,85,89,6.64
430,Nizhniy Kuranakh,RU,2022-04-04 17:44:33,58.8353,125.4869,14.38,94,100,7.34
431,Coxim,BR,2022-04-04 17:44:33,-18.5067,-54.76,92.52,43,10,4.21
432,Nicoya,CR,2022-04-04 17:44:34,10.1483,-85.452,94.84,39,66,2.71
433,Pevek,RU,2022-04-04 17:44:34,69.7008,170.3133,-21.89,98,35,2.57
434,Surt,LY,2022-04-04 17:44:35,31.2089,16.5887,74.16,47,1,11.68
435,Cordoba,AR,2022-04-04 17:43:29,-31.4135,-64.1811,79.43,30,0,11.5
436,Boa Vista,BR,2022-04-04 17:44:35,2.8197,-60.6733,89.58,51,75,3.44
437,Namibe,AO,2022-04-04 17:44:36,-15.1961,12.1522,69.94,82,55,10.04
438,Atambua,ID,2022-04-04 17:44:36,-9.1061,124.8925,71.69,88,8,4.25
439,Rio Gallegos,AR,2022-04-04 17:44:36,-51.6226,-69.2181,48.25,37,75,29.93
440,Magaria,NE,2022-04-04 17:44:37,12.9983,8.9099,89.24,7,81,5.19
441,Khandyga,RU,2022-04-04 17:44:37,62.6667,135.6,-2.43,97,98,2.55
442,Pajapita,GT,2022-04-04 17:44:38,14.7167,-92.0333,89.89,39,5,10.58
443,Saint-Augustin,CA,2022-04-04 17:44:38,51.226,-58.6502,32.77,99,66,2.64
444,Hunucma,MX,2022-04-04 17:44:39,21.0167,-89.8667,98.35,23,0,8.63
445,Hambantota,LK,2022-04-04 17:44:39,6.1241,81.1185,79.48,77,66,2.06
446,Juba,SS,2022-04-04 17:44:40,4.8517,31.5825,86.49,35,57,4.65
447,Humberto De Campos,BR,2022-04-04 17:44:40,-2.5983,-43.4611,85.35,71,99,5.95
448,Richards Bay,ZA,2022-04-04 17:44:40,-28.783,32.0377,77.32,63,100,8.86
449,Opuwo,NA,2022-04-04 17:44:41,-18.0607,13.84,71.76,50,0,7.72
450,Bayonet Point,US,2022-04-04 17:44:41,28.3267,-82.6834,84.15,60,2,1.01
451,Xichang,CN,2022-04-04 17:44:42,27.8964,102.2634,45.52,96,100,5.53
452,Bay Roberts,CA,2022-04-04 17:44:42,47.5999,-53.2648,51.55,62,95,5.68
453,Acari,PE,2022-04-04 17:44:42,-15.4311,-74.6158,82.18,53,35,10.56
454,Tual,ID,2022-04-04 17:44:43,-5.6667,132.75,82.26,67,100,3.76
455,Mafra,BR,2022-04-04 17:44:43,-26.1114,-49.8053,62.56,97,87,7.05
456,Fukue,JP,2022-04-04 17:44:44,32.6881,128.8419,55.92,51,84,9.06
457,Ayan,RU,2022-04-04 17:44:44,56.45,138.1667,25.25,62,65,12.5
458,Morgan City,US,2022-04-04 17:44:44,29.6994,-91.2068,80.01,78,40,10.36
459,Terrak,NO,2022-04-04 17:44:45,65.087,12.3715,31.87,76,58,4.76
460,Fortuna,US,2022-04-04 17:44:45,40.5982,-124.1573,52.14,96,100,12.66
461,Itaituba,BR,2022-04-04 17:44:46,-4.2761,-55.9836,82.56,78,40,5.75
462,Ilembula,TZ,2022-04-04 18:01:07,-8.9,34.5833,62.94,95,92,3.76
463,Kampot,KH,2022-04-04 18:01:08,10.6167,104.1833,82.45,73,89,9.24
464,Nizwa,OM,2022-04-04 18:01:08,22.9333,57.5333,81.79,14,1,6.49
465,Pacific Grove,US,2022-04-04 18:01:08,36.6177,-121.9166,62.82,73,60,8.99
466,Miraflores,MX,2022-04-04 18:01:09,19.2167,-98.8083,76.03,21,12,6.67
467,Oktyabrskiy,RU,2022-04-04 18:01:09,54.4815,53.471,35.4,81,99,19.42
468,Minas De Barroteran,MX,2022-04-04 18:01:10,27.6333,-101.2833,82.56,44,68,4.07
469,Staritsa,RU,2022-04-04 18:01:10,56.5075,34.9354,28.33,89,89,7.45
470,Kempsey,AU,2022-04-04 18:01:10,-31.0833,152.8333,60.94,96,0,1.01
471,Port Hedland,AU,2022-04-04 18:00:33,-20.3167,118.5667,80.65,83,0,8.05
472,Sisimiut,GL,2022-04-04 18:01:11,66.9395,-53.6735,33.73,81,14,4.83
473,Sheridan,US,2022-04-04 18:01:11,44.8333,-106.9173,57.92,17,40,5.75
474,Changji,CN,2022-04-04 18:01:12,44.0167,87.3167,59.79,31,0,6.71
475,Sujiatun,CN,2022-04-04 18:01:12,41.6592,123.3392,53.78,47,0,13.42
476,Nome,US,2022-04-04 18:01:13,64.5011,-165.4064,2.88,80,15,8.37
477,Aba,NG,2022-04-04 18:01:13,5.1066,7.3667,83.32,68,94,9.4
478,Kuala Terengganu,MY,2022-04-04 18:01:13,5.3302,103.1408,78.67,84,97,2.28
479,Dunedin,NZ,2022-04-04 18:00:41,-45.8742,170.5036,58.8,85,100,5.99
480,Tadine,NC,2022-04-04 18:01:14,-21.55,167.8833,78.17,85,100,9.33
481,Sioux Lookout,CA,2022-04-04 18:00:33,50.1001,-91.917,35.35,90,100,3.65
482,Mayna,RU,2022-04-04 18:01:15,54.1135,47.6231,26.96,95,100,12.91
483,Odweyne,SO,2022-04-04 18:01:15,9.4092,45.064,78.22,39,87,9.28
484,Gouvy,BE,2022-04-04 18:01:16,50.186,5.9392,37.65,99,100,17.63
485,Bekkevoort,BE,2022-04-04 18:01:16,50.9336,4.9667,46.18,90,100,13.8
486,George,ZA,2022-04-04 18:01:17,-33.963,22.4617,62.44,83,19,1.95
487,Brae,GB,2022-04-04 18:01:17,60.3964,-1.353,36.99,59,100,20.69
488,Superior,US,2022-04-04 18:01:17,46.7208,-92.1041,40.44,91,100,4.61
489,Seybaplaya,MX,2022-04-04 18:01:18,19.65,-90.6667,90.1,44,0,3.85
490,Manta,EC,2022-04-04 18:00:58,-0.95,-80.7333,80.38,75,84,8.95
491,Isla Vista,US,2022-04-04 18:00:52,34.4133,-119.861,69.91,82,0,8.05
492,Qeshm,IR,2022-04-04 18:01:18,26.9581,56.2719,76.87,67,4,4.59
493,Kautokeino,NO,2022-04-04 18:01:19,69.0125,23.0412,13.57,94,96,7.87
494,Antofagasta,CL,2022-04-04 17:58:10,-23.65,-70.4,72.21,49,2,8.9
495,Moshenskoye,RU,2022-04-04 18:01:19,58.5102,34.5911,27.59,91,88,5.3
496,Linjiang,CN,2022-04-04 18:01:19,41.8069,126.9078,38.64,80,31,5.23
497,Liptovsky Hradok,SK,2022-04-04 18:01:20,49.0396,19.7234,36.91,94,78,4.0
498,Tsarychanka,UA,2022-04-04 18:01:21,48.937,34.4786,38.39,52,88,5.53
499,Weyburn,CA,2022-04-04 18:01:21,49.6668,-103.8511,54.01,34,63,13.91
500,Alexandria,EG,2022-04-04 18:01:19,31.2156,29.9553,70.3,41,15,15.1
501,Port Blair,IN,2022-04-04 17:59:14,11.6667,92.75,80.64,83,20,2.3
502,Castanos,MX,2022-04-04 18:01:22,26.7833,-101.4167,81.34,46,7,5.66
503,Canmore,CA,2022-04-04 18:00:22,51.0834,-115.3521,48.81,71,99,5.44
504,Gravatai,BR,2022-04-04 18:01:22,-29.9444,-50.9919,75.09,97,100,2.3
505,Kalabo,ZM,2022-04-04 18:01:22,-14.97,22.6814,69.04,87,87,4.81
506,Fraijanes,GT,2022-04-04 18:01:23,14.4653,-90.4408,78.87,39,20,11.5
507,Zabol,AF,2022-04-04 18:04:56,32.25,67.25,61.63,14,82,9.84
508,Paradise,US,2022-04-04 18:03:04,36.0972,-115.1467,82.0,19,40,6.91
509,Petrivka,UA,2022-04-04 18:04:56,46.9695,30.9591,40.89,42,99,6.24
510,Brokopondo,SR,2022-04-04 18:04:57,4.75,-55.1667,79.59,87,88,7.11
511,Tahe,CN,2022-04-04 18:04:57,52.3333,124.7333,22.78,73,100,3.62
512,Catalina,US,2022-04-04 18:04:58,32.5056,-110.9211,74.12,30,54,1.01
513,Gorontalo,ID,2022-04-04 18:04:58,0.5412,123.0595,74.52,93,98,2.53
514,Pampierstad,ZA,2022-04-04 18:04:59,-27.7832,24.6877,66.33,32,0,9.73
515,Merke,KZ,2022-04-04 18:04:59,42.8728,73.1786,58.71,41,10,7.78
516,Chop,UA,2022-04-04 18:04:59,48.432,22.2055,40.01,66,85,11.36
517,Los Llanos De Aridane,ES,2022-04-04 18:05:00,28.6585,-17.9182,60.55,75,40,19.57
518,Tabas,IR,2022-04-04 18:05:00,33.5959,56.9244,82.83,9,33,4.34
519,Podkletnoye,RU,2022-04-04 18:05:01,51.5899,39.4623,30.72,72,76,5.55
520,Abrau-Dyurso,RU,2022-04-04 18:05:01,44.69,37.59,45.86,82,76,10.6
521,Bedford,GB,2022-04-04 18:01:53,52.1346,-0.4663,56.91,81,100,15.41
522,Tselinnoye,RU,2022-04-04 18:05:02,53.0833,85.6667,30.38,97,99,4.14
523,Broome,US,2022-04-04 18:05:02,42.2506,-75.833,45.01,70,100,6.91
524,Utica,US,2022-04-04 18:02:20,43.1009,-75.2327,46.92,70,96,4.0
525,Nakamura,JP,2022-04-04 18:05:03,32.9833,132.9333,44.49,72,1,4.99
526,Palmer,US,2022-04-04 18:05:03,42.1584,-72.3287,54.86,36,20,10.36
527,Enid,US,2022-04-04 18:00:54,36.3956,-97.8784,69.03,50,100,5.99
528,Dabola,GN,2022-04-04 18:05:04,10.75,-11.1167,99.73,15,36,2.06
529,Bonavista,CA,2022-04-04 18:02:01,48.6499,-53.1147,36.95,79,83,6.49
530,Caceres,ES,2022-04-04 18:05:04,39.522,-6.3748,51.85,54,100,16.67
531,New Amsterdam,GY,2022-04-04 18:05:05,6.25,-57.5167,80.38,83,69,7.16
532,Meridian,US,2022-04-04 18:00:57,43.6121,-116.3915,48.34,85,100,10.36
533,Hue,VN,2022-04-04 18:05:05,16.4667,107.6,66.31,94,75,4.61
534,Swellendam,ZA,2022-04-04 18:05:06,-34.0226,20.4417,66.72,57,31,9.22
535,Rawson,AR,2022-04-04 18:05:06,-43.3002,-65.1023,67.68,30,47,20.0
536,Ullal,IN,2022-04-04 18:05:06,12.8,74.85,85.15,74,20,0.0
537,Havoysund,NO,2022-04-04 18:05:07,70.9963,24.6622,26.83,68,99,16.24
538,Llandrindod Wells,GB,2022-04-04 18:05:07,52.2416,-3.3787,53.38,97,100,16.2
539,Mopipi,BW,2022-04-04 18:05:08,-21.1833,24.8833,79.0,48,73,3.96
540,Carutapera,BR,2022-04-04 18:05:08,-1.195,-46.02,83.62,71,100,5.68
541,Yurimaguas,PE,2022-04-04 18:05:09,-5.9,-76.0833,87.96,62,20,0.0
542,Jodiya,IN,2022-04-04 18:05:09,22.6925,70.306,80.28,67,48,14.52
543,Te Anau,NZ,2022-04-04 18:05:10,-45.4167,167.7167,55.42,94,100,1.12
544,Pisco,PE,2022-04-04 18:05:04,-13.7,-76.2167,70.02,73,0,11.5
545,Kuznechnoye,RU,2022-04-04 18:05:10,61.12,29.8686,37.0,76,100,12.12
546,Ejido,VE,2022-04-04 18:05:11,8.5514,-71.2375,81.03,57,90,4.99
547,Sorland,NO,2022-04-04 18:05:11,67.667,12.6934,31.86,44,21,17.92
548,Lahaina,US,2022-04-04 18:05:11,20.8783,-156.6825,76.24,80,100,8.12
549,Buala,SB,2022-04-04 18:05:12,-8.145,159.5921,80.91,83,99,12.3
550,Tungor,RU,2022-04-04 18:05:12,53.3808,142.9564,30.16,88,99,6.44
551,Havre-Saint-Pierre,CA,2022-04-04 18:05:13,50.2334,-63.5986,34.63,71,16,5.23
552,Baruun-Urt,MN,2022-04-04 18:14:30,46.6806,113.2792,23.77,46,38,12.68
553,Lagoa,PT,2022-04-04 18:14:05,39.05,-27.9833,59.45,64,100,9.31
554,Palembang,ID,2022-04-04 18:14:31,-2.9167,104.7458,78.89,94,40,3.44
555,Sorsk,RU,2022-04-04 18:14:31,54.0033,90.2467,35.74,94,100,3.89
556,Libertador General San Martin,AR,2022-04-04 18:12:08,-23.8064,-64.7876,83.97,38,13,8.63
557,Lukovetskiy,RU,2022-04-04 18:14:32,64.2956,41.9211,15.82,96,70,3.47
558,Malihabad,IN,2022-04-04 18:14:32,26.9167,80.7167,85.91,5,0,5.64
559,Newtownards,GB,2022-04-04 18:14:33,54.5924,-5.6909,53.55,83,100,11.5
560,Springfield,US,2022-04-04 18:14:33,37.2153,-93.2982,65.66,55,0,4.0
561,Codrington,AU,2022-04-04 18:14:34,-38.2667,141.9667,51.24,85,84,3.06
562,Adiake,CI,2022-04-04 18:14:34,5.2863,-3.304,82.36,79,100,8.75
563,Puerto Leguizamo,CO,2022-04-04 18:14:35,-0.1934,-74.7819,81.46,83,59,1.99
564,Ixtapa,MX,2022-04-04 18:14:35,20.7,-105.2,76.23,65,40,11.5
565,Bajos De Haina,DO,2022-04-04 18:14:35,18.4154,-70.0332,85.96,69,40,11.5
566,Shelbyville,US,2022-04-04 18:14:36,35.4834,-86.4603,70.92,30,0,8.05
567,Flagstaff,US,2022-04-04 18:14:36,35.1981,-111.6513,62.6,23,20,4.61
568,Praia Da Vitoria,PT,2022-04-04 18:14:36,38.7333,-27.0667,62.85,67,40,8.01
569,Coquimbo,CL,2022-04-04 18:14:37,-29.9533,-71.3436,66.54,67,6,7.83
570,Whitehorse,CA,2022-04-04 18:14:37,60.7161,-135.0538,32.02,60,20,13.8
571,Saint-Joseph,RE,2022-04-04 18:14:37,-21.3667,55.6167,75.58,84,96,11.23
572,Teguise,ES,2022-04-04 18:14:38,29.0605,-13.564,62.82,52,20,16.11
573,Tekeli,KZ,2022-04-04 18:14:38,44.83,78.8239,44.22,52,100,11.56
574,Tromso,NO,2022-04-04 18:14:38,69.6496,18.957,26.62,54,40,5.75
575,Carbonia,IT,2022-04-04 18:14:39,39.1672,8.5222,54.55,69,100,8.01
576,Taseyevo,RU,2022-04-04 18:14:39,57.2169,94.8978,23.56,78,88,7.9
577,Arlit,NE,2022-04-04 18:14:40,18.7369,7.3853,96.73,4,97,10.78
578,Prescott,US,2022-04-04 18:12:59,34.54,-112.4685,68.04,23,0,10.36
579,Buraydah,SA,2022-04-04 18:14:40,26.326,43.975,85.03,8,8,9.71
580,Nam Som,TH,2022-04-04 18:14:40,17.7704,102.1895,74.08,48,98,2.75
581,Umea,SE,2022-04-04 18:14:41,63.8284,20.2597,26.53,80,0,9.22
582,Tabou,CI,2022-04-04 18:14:41,4.423,-7.3528,82.22,80,100,10.13
583,San Patricio,US,2022-04-04 18:14:41,28.017,-97.5169,86.09,57,100,17.27
584,Daura,NG,2022-04-04 18:14:42,11.5538,11.4085,89.22,9,40,2.68
585,Aras,ES,2022-04-04 18:14:42,42.5617,-2.356,43.21,49,0,5.75
586,Kollo,NE,2022-04-04 18:14:43,13.3043,2.339,104.43,12,81,7.14
587,Woodward,US,2022-04-04 18:14:43,36.4337,-99.3904,65.43,31,75,13.8
588,Evans,US,2022-04-04 18:14:44,33.5337,-82.1307,77.27,34,0,6.91
589,Clyde River,CA,2022-04-04 18:14:44,70.4692,-68.5914,16.03,86,75,4.61
